baseSlug,player,name_key,reason
adama_bal,Adama Bal,adama bal,no_nba_or_bbref_id
darius_brown,Darius Brown,darius brown,no_nba_or_bbref_id
william_smith,William Smith,william smith,no_nba_or_bbref_id
aaron_james,Aaron James,aaron james,no_headshot_file
abdul_jeelani,Abdul Jeelani,abdul jeelani,no_headshot_file
acie_earl,Acie Earl,acie earl,no_headshot_file
adrian_branch,Adrian Branch,adrian branch,no_headshot_file
adrian_caldwell,Adrian Caldwell,adrian caldwell,no_headshot_file
ahmad_caver,Ahmad Caver,ahmad caver,no_headshot_file
aj_english,A.J. English,aj english,no_headshot_file
aj_guyton,A.J. Guyton,aj guyton,no_headshot_file
al_eberhard,Al Eberhard,al eberhard,no_headshot_file
al_henry,Al Henry,al henry,no_headshot_file
al_skinner,Al Skinner,al skinner,no_headshot_file
al_tucker,Al Tucker,al tucker,no_headshot_file
al_wood,Al Wood,al wood,no_headshot_file
alan_hardy,Alan Hardy,alan hardy,no_headshot_file
alan_ogg,Alan Ogg,alan ogg,no_headshot_file
alec_kessler,Alec Kessler,alec kessler,no_headshot_file
alex_bradley,Alex Bradley,alex bradley,no_headshot_file
alex_morales,Alex Morales,alex morales,no_headshot_file
alfredrick_hughes,Alfredrick Hughes,alfredrick hughes,no_headshot_file
allan_ray,Allan Ray,allan ray,no_headshot_file
allen_leavell,Allen Leavell,allen leavell,no_headshot_file
alonzo_bradley,Alonzo Bradley,alonzo bradley,no_headshot_file
alton_ford,Alton Ford,alton ford,no_headshot_file
amal_mccaskill,Amal McCaskill,amal mccaskill,no_headshot_file
andersson_garcia,Andersson Garcia,andersson garcia,no_headshot_file
andrae_patterson,Andrae Patterson,andrae patterson,no_headshot_file
andre_barrett,Andre Barrett,andre barrett,no_headshot_file
andre_mccarter,Andre McCarter,andre mccarter,no_headshot_file
andre_owens,Andre Owens,andre owens,no_headshot_file
andre_spencer,Andre Spencer,andre spencer,no_headshot_file
andre_turner,Andre Turner,andre turner,no_headshot_file
andre_wakefield,Andre Wakefield,andre wakefield,no_headshot_file
andy_toolson,Andy Toolson,andy toolson,no_headshot_file
andy_walker,Andy Walker,andy walker,no_headshot_file
ansu_sesay,Ansu Sesay,ansu sesay,no_headshot_file
anthony_avent,Anthony Avent,anthony avent,no_headshot_file
anthony_cook,Anthony Cook,anthony cook,no_headshot_file
anthony_frederick,Anthony Frederick,anthony frederick,no_headshot_file
anthony_goldwire,Anthony Goldwire,anthony goldwire,no_headshot_file
anthony_jones,Anthony Jones,anthony jones,no_headshot_file
anthony_miller,Anthony Miller,anthony miller,no_headshot_file
anthony_roberts,Anthony Roberts,anthony roberts,no_headshot_file
anthony_tucker,Anthony Tucker,anthony tucker,no_headshot_file
antonio_burks,Antonio Burks,antonio burks,no_headshot_file
antonio_harvey,Antonio Harvey,antonio harvey,no_headshot_file
antonio_lang,Antonio Lang,antonio lang,no_headshot_file
ar_nas_jasikevi_ius,Šarūnas Jasikevičius,sarunas jasikevicius,no_headshot_file
archie_clark,Archie Clark,archie clark,no_headshot_file
arko_abarkapa,Žarko Čabarkapa,zarko cabarkapa,no_headshot_file
armond_hill,Armond Hill,armond hill,no_headshot_file
art_harris,Art Harris,art harris,no_headshot_file
art_long,Art Long,art long,no_headshot_file
art_williams,Art Williams,art williams,no_headshot_file
ashraf_amaya,Ashraf Amaya,ashraf amaya,no_headshot_file
audie_norris,Audie Norris,audie norris,no_headshot_file
awvee_storey,Awvee Storey,awvee storey,no_headshot_file
bailey_howell,Bailey Howell,bailey howell,no_headshot_file
barry_clemens,Barry Clemens,barry clemens,no_headshot_file
bart_kofoed,Bart Kofoed,bart kofoed,no_headshot_file
bayard_forrest,Bayard Forrest,bayard forrest,no_headshot_file
ben_davis,Ben Davis,ben davis,no_headshot_file
ben_handlogten,Ben Handlogten,ben handlogten,no_headshot_file
ben_kelso,Ben Kelso,ben kelso,no_headshot_file
ben_mcdonald,Ben McDonald,ben mcdonald,no_headshot_file
ben_poquette,Ben Poquette,ben poquette,no_headshot_file
bernard_robinson,Bernard Robinson,bernard robinson,no_headshot_file
bernard_thompson,Bernard Thompson,bernard thompson,no_headshot_file
bernie_fryer,Bernie Fryer,bernie fryer,no_headshot_file
bernie_williams,Bernie Williams,bernie williams,no_headshot_file
bez_mbeng,Bez Mbeng,bez mbeng,no_headshot_file
bill_curley,Bill Curley,bill curley,no_headshot_file
bill_dinwiddie,Bill Dinwiddie,bill dinwiddie,no_headshot_file
bill_garnett,Bill Garnett,bill garnett,no_headshot_file
bill_hanzlik,Bill Hanzlik,bill hanzlik,no_headshot_file
bill_hewitt,Bill Hewitt,bill hewitt,no_headshot_file
bill_hosket,Bill Hosket,bill hosket,no_headshot_file
bill_jones,Bill Jones,bill jones,no_headshot_file
bill_ligon,Bill Ligon,bill ligon,no_headshot_file
bill_martin,Bill Martin,bill martin,no_headshot_file
bill_robinzine,Bill Robinzine,bill robinzine,no_headshot_file
bill_turner,Bill Turner,bill turner,no_headshot_file
bill_willoughby,Bill Willoughby,bill willoughby,no_headshot_file
bill_zopf,Bill Zopf,bill zopf,no_headshot_file
billy_donovan,Billy Donovan,billy donovan,no_headshot_file
billy_owens,Billy Owens,billy owens,no_headshot_file
billy_ray_bates,Billy Ray Bates,billy ray bates,no_headshot_file
billy_reid,Billy Reid,billy reid,no_headshot_file
billy_thomas,Billy Thomas,billy thomas,no_headshot_file
billy_thompson,Billy Thompson,billy thompson,no_headshot_file
bird_averitt,Bird Averitt,bird averitt,no_headshot_file
bj_tyler,B.J. Tyler,bj tyler,no_headshot_file
blue_edwards,Blue Edwards,blue edwards,no_headshot_file
bo_ellis,Bo Ellis,bo ellis,no_headshot_file
bo_kimble,Bo Kimble,bo kimble,no_headshot_file
bo_lamar,Bo Lamar,bo lamar,no_headshot_file
bob_arnzen,Bob Arnzen,bob arnzen,no_headshot_file
bob_bigelow,Bob Bigelow,bob bigelow,no_headshot_file
bob_carrington,Bob Carrington,bob carrington,no_headshot_file
bob_christian,Bob Christian,bob christian,no_headshot_file
bob_elliott,Bob Elliott,bob elliott,no_headshot_file
bob_greacen,Bob Greacen,bob greacen,no_headshot_file
bob_martin,Bob Martin,bob martin,no_headshot_file
bob_mccann,Bob McCann,bob mccann,no_headshot_file
bob_nash,Bob Nash,bob nash,no_headshot_file
bob_portman,Bob Portman,bob portman,no_headshot_file
bob_quick,Bob Quick,bob quick,no_headshot_file
bob_rule,Bob Rule,bob rule,no_headshot_file
bob_thornton,Bob Thornton,bob thornton,no_headshot_file
bob_wilkerson,Bob Wilkerson,bob wilkerson,no_headshot_file
bobby_cattage,Bobby Cattage,bobby cattage,no_headshot_file
bobby_hurley,Bobby Hurley,bobby hurley,no_headshot_file
bobby_jones,Bobby Jones,bobby jones,no_headshot_file
bobby_lewis,Bobby Lewis,bobby lewis,no_headshot_file
bobby_washington,Bobby Washington,bobby washington,no_headshot_file
bobby_wilson,Bobby Wilson,bobby wilson,no_headshot_file
brad_branson,Brad Branson,brad branson,no_headshot_file
brad_lohaus,Brad Lohaus,brad lohaus,no_headshot_file
brad_sellers,Brad Sellers,brad sellers,no_headshot_file
brandon_hunter,Brandon Hunter,brandon hunter,no_headshot_file
brent_price,Brent Price,brent price,no_headshot_file
brett_szabo,Brett Szabo,brett szabo,no_headshot_file
brian_davis,Brian Davis,brian davis,no_headshot_file
brian_evans,Brian Evans,brian evans,no_headshot_file
brian_howard,Brian Howard,brian howard,no_headshot_file
brian_oliver,Brian Oliver,brian oliver,no_headshot_file
brian_quinnett,Brian Quinnett,brian quinnett,no_headshot_file
brian_rowsom,Brian Rowsom,brian rowsom,no_headshot_file
brook_steppe,Brook Steppe,brook steppe,no_headshot_file
bruce_flowers,Bruce Flowers,bruce flowers,no_headshot_file
bruce_seals,Bruce Seals,bruce seals,no_headshot_file
bruno_undov,Bruno Šundov,bruno sundov,no_headshot_file
bryan_warrick,Bryan Warrick,bryan warrick,no_headshot_file
bryce_drew,Bryce Drew,bryce drew,no_headshot_file
bubba_wells,Bubba Wells,bubba wells,no_headshot_file
bubbles_hawkins,Bubbles Hawkins,bubbles hawkins,no_headshot_file
buck_johnson,Buck Johnson,buck johnson,no_headshot_file
bud_ogden,Bud Ogden,bud ogden,no_headshot_file
bud_stallworth,Bud Stallworth,bud stallworth,no_headshot_file
butch_beard,Butch Beard,butch beard,no_headshot_file
butch_carter,Butch Carter,butch carter,no_headshot_file
butch_feher,Butch Feher,butch feher,no_headshot_file
byron_dinkins,Byron Dinkins,byron dinkins,no_headshot_file
byron_houston,Byron Houston,byron houston,no_headshot_file
byron_irvin,Byron Irvin,byron irvin,no_headshot_file
cal_bowdler,Cal Bowdler,cal bowdler,no_headshot_file
caldwell_jones,Caldwell Jones,caldwell jones,no_headshot_file
calvin_booth,Calvin Booth,calvin booth,no_headshot_file
calvin_garrett,Calvin Garrett,calvin garrett,no_headshot_file
cameron_mcgriff,Cameron McGriff,cameron mcgriff,no_headshot_file
carey_scurry,Carey Scurry,carey scurry,no_headshot_file
carl_herrera,Carl Herrera,carl herrera,no_headshot_file
carl_nicks,Carl Nicks,carl nicks,no_headshot_file
carl_thomas,Carl Thomas,carl thomas,no_headshot_file
carlos_clark,Carlos Clark,carlos clark,no_headshot_file
carlos_rogers,Carlos Rogers,carlos rogers,no_headshot_file
carlos_terry,Carlos Terry,carlos terry,no_headshot_file
casey_jacobsen,Casey Jacobsen,casey jacobsen,no_headshot_file
cedric_henderson,Cedric Henderson,cedric henderson,no_headshot_file
cedric_simmons,Cedric Simmons,cedric simmons,no_headshot_file
cedrick_hordges,Cedrick Hordges,cedrick hordges,no_headshot_file
chad_kinch,Chad Kinch,chad kinch,no_headshot_file
chance_comanche,Chance Comanche,chance comanche,no_headshot_file
chaney_johnson,Chaney Johnson,chaney johnson,no_headshot_file
charles_bradley,Charles Bradley,charles bradley,no_headshot_file
charles_davis,Charles Davis,charles davis,no_headshot_file
charles_dudley,Charles Dudley,charles dudley,no_headshot_file
charles_johnson,Charles Johnson,charles johnson,no_headshot_file
charles_jones,Charles Jones,charles jones,no_headshot_file
charles_obannon,Charles O'Bannon,charles obannon,no_headshot_file
charles_pittman,Charles Pittman,charles pittman,no_headshot_file
charles_thomas,Charles Thomas,charles thomas,no_headshot_file
charlie_criss,Charlie Criss,charlie criss,no_headshot_file
charlie_davis,Charlie Davis,charlie davis,no_headshot_file
charlie_paulk,Charlie Paulk,charlie paulk,no_headshot_file
charlie_sitton,Charlie Sitton,charlie sitton,no_headshot_file
charlie_yelverton,Charlie Yelverton,charlie yelverton,no_headshot_file
chris_anstey,Chris Anstey,chris anstey,no_headshot_file
chris_corchiani,Chris Corchiani,chris corchiani,no_headshot_file
chris_ford,Chris Ford,chris ford,no_headshot_file
chris_garner,Chris Garner,chris garner,no_headshot_file
chris_gatling,Chris Gatling,chris gatling,no_headshot_file
chris_hunter,Chris Hunter,chris hunter,no_headshot_file
chris_jefferies,Chris Jefferies,chris jefferies,no_headshot_file
chris_king,Chris King,chris king,no_headshot_file
chris_porter,Chris Porter,chris porter,no_headshot_file
chris_richard,Chris Richard,chris richard,no_headshot_file
chris_robinson,Chris Robinson,chris robinson,no_headshot_file
chris_smith,Chris Smith,chris smith,no_headshot_file
chris_washburn,Chris Washburn,chris washburn,no_headshot_file
chris_welp,Chris Welp,chris welp,no_headshot_file
chuck_aleksinas,Chuck Aleksinas,chuck aleksinas,no_headshot_file
chuck_nevitt,Chuck Nevitt,chuck nevitt,no_headshot_file
chuck_terry,Chuck Terry,chuck terry,no_headshot_file
chucky_brown,Chucky Brown,chucky brown,no_headshot_file
cj_kupec,C.J. Kupec,cj kupec,no_headshot_file
clarence_kea,Clarence Kea,clarence kea,no_headshot_file
clarence_weatherspoon,Clarence Weatherspoon,clarence weatherspoon,no_headshot_file
claude_terry,Claude Terry,claude terry,no_headshot_file
clay_johnson,Clay Johnson,clay johnson,no_headshot_file
clem_haskins,Clem Haskins,clem haskins,no_headshot_file
clemon_johnson,Clemon Johnson,clemon johnson,no_headshot_file
cliff_anderson,Cliff Anderson,cliff anderson,no_headshot_file
cliff_meely,Cliff Meely,cliff meely,no_headshot_file
cliff_pondexter,Cliff Pondexter,cliff pondexter,no_headshot_file
clifford_rozier,Clifford Rozier,clifford rozier,no_headshot_file
clint_richardson,Clint Richardson,clint richardson,no_headshot_file
clinton_smith,Clinton Smith,clinton smith,no_headshot_file
clinton_wheeler,Clinton Wheeler,clinton wheeler,no_headshot_file
clyde_mayes,Clyde Mayes,clyde mayes,no_headshot_file
conner_henry,Conner Henry,conner henry,no_headshot_file
connie_dierking,Connie Dierking,connie dierking,no_headshot_file
connie_norman,Connie Norman,connie norman,no_headshot_file
corey_beck,Corey Beck,corey beck,no_headshot_file
corey_benjamin,Corey Benjamin,corey benjamin,no_headshot_file
corey_crowder,Corey Crowder,corey crowder,no_headshot_file
corey_williams,Corey Williams,corey williams,no_headshot_file
corie_blount,Corie Blount,corie blount,no_headshot_file
corky_calhoun,Corky Calhoun,corky calhoun,no_headshot_file
cornell_warner,Cornell Warner,cornell warner,no_headshot_file
corny_thompson,Corny Thompson,corny thompson,no_headshot_file
cory_alexander,Cory Alexander,cory alexander,no_headshot_file
cory_blackwell,Cory Blackwell,cory blackwell,no_headshot_file
cory_carr,Cory Carr,cory carr,no_headshot_file
courtney_alexander,Courtney Alexander,courtney alexander,no_headshot_file
craig_dykema,Craig Dykema,craig dykema,no_headshot_file
craig_neal,Craig Neal,craig neal,no_headshot_file
craig_shelton,Craig Shelton,craig shelton,no_headshot_file
craig_sword,Craig Sword,craig sword,no_headshot_file
curtis_borchardt,Curtis Borchardt,curtis borchardt,no_headshot_file
curtis_perry,Curtis Perry,curtis perry,no_headshot_file
curtis_rowe,Curtis Rowe,curtis rowe,no_headshot_file
dajuan_wagner,Dajuan Wagner,dajuan wagner,no_headshot_file
dale_schlueter,Dale Schlueter,dale schlueter,no_headshot_file
dalibor_bagari,Dalibor Bagarić,dalibor bagaric,no_headshot_file
dallas_comegys,Dallas Comegys,dallas comegys,no_headshot_file
damir_markota,Damir Markota,damir markota,no_headshot_file
dan_anderson,Dan Anderson,dan anderson,no_headshot_file
dan_dickau,Dan Dickau,dan dickau,no_headshot_file
dan_langhi,Dan Langhi,dan langhi,no_headshot_file
dan_osullivan,Dan O'Sullivan,dan osullivan,no_headshot_file
dane_suttle,Dane Suttle,dane suttle,no_headshot_file
daniel_ewing,Daniel Ewing,daniel ewing,no_headshot_file
daniel_santiago,Daniel Santiago,daniel santiago,no_headshot_file
danny_young,Danny Young,danny young,no_headshot_file
darnell_hillman,Darnell Hillman,darnell hillman,no_headshot_file
darnell_mee,Darnell Mee,darnell mee,no_headshot_file
darrall_imhoff,Darrall Imhoff,darrall imhoff,no_headshot_file
darren_daye,Darren Daye,darren daye,no_headshot_file
darren_tillis,Darren Tillis,darren tillis,no_headshot_file
darrin_hancock,Darrin Hancock,darrin hancock,no_headshot_file
dave_batton,Dave Batton,dave batton,no_headshot_file
dave_feitl,Dave Feitl,dave feitl,no_headshot_file
dave_gambee,Dave Gambee,dave gambee,no_headshot_file
dave_hoppen,Dave Hoppen,dave hoppen,no_headshot_file
dave_jamerson,Dave Jamerson,dave jamerson,no_headshot_file
dave_johnson,Dave Johnson,dave johnson,no_headshot_file
dave_meyers,Dave Meyers,dave meyers,no_headshot_file
dave_newmark,Dave Newmark,dave newmark,no_headshot_file
dave_sorenson,Dave Sorenson,dave sorenson,no_headshot_file
dave_stallworth,Dave Stallworth,dave stallworth,no_headshot_file
dave_wohl,Dave Wohl,dave wohl,no_headshot_file
david_harrison,David Harrison,david harrison,no_headshot_file
david_noel,David Noel,david noel,no_headshot_file
david_pope,David Pope,david pope,no_headshot_file
david_rivers,David Rivers,david rivers,no_headshot_file
david_thirdkill,David Thirdkill,david thirdkill,no_headshot_file
david_wingate,David Wingate,david wingate,no_headshot_file
david_wood,David Wood,david wood,no_headshot_file
dean_garrett,Dean Garrett,dean garrett,no_headshot_file
dean_meminger,Dean Meminger,dean meminger,no_headshot_file
dean_oliver,Dean Oliver,dean oliver,no_headshot_file
dejuan_wheat,DeJuan Wheat,dejuan wheat,no_headshot_file
del_beshore,Del Beshore,del beshore,no_headshot_file
delaney_rudd,Delaney Rudd,delaney rudd,no_headshot_file
dennis_awtrey,Dennis Awtrey,dennis awtrey,no_headshot_file
dennis_bell,Dennis Bell,dennis bell,no_headshot_file
dennis_duval,Dennis DuVal,dennis duval,no_headshot_file
derrek_dickey,Derrek Dickey,derrek dickey,no_headshot_file
derrick_chievous,Derrick Chievous,derrick chievous,no_headshot_file
derrick_gervin,Derrick Gervin,derrick gervin,no_headshot_file
devin_brown,Devin Brown,devin brown,no_headshot_file
devin_durrant,Devin Durrant,devin durrant,no_headshot_file
dewayne_scales,DeWayne Scales,dewayne scales,no_headshot_file
dexter_cambridge,Dexter Cambridge,dexter cambridge,no_headshot_file
dick_cunningham,Dick Cunningham,dick cunningham,no_headshot_file
dick_garrett,Dick Garrett,dick garrett,no_headshot_file
dick_gibbs,Dick Gibbs,dick gibbs,no_headshot_file
dino_radja,Dino Radja,dino radja,no_headshot_file
don_adams,Don Adams,don adams,no_headshot_file
don_collins,Don Collins,don collins,no_headshot_file
don_ford,Don Ford,don ford,no_headshot_file
don_kojis,Don Kojis,don kojis,no_headshot_file
don_maclean,Don MacLean,don maclean,no_headshot_file
don_may,Don May,don may,no_headshot_file
don_ohl,Don Ohl,don ohl,no_headshot_file
don_reid,Don Reid,don reid,no_headshot_file
don_smith,Don Smith,don smith,no_headshot_file
donald_hodge,Donald Hodge,donald hodge,no_headshot_file
donald_whiteside,Donald Whiteside,donald whiteside,no_headshot_file
donell_taylor,Donell Taylor,donell taylor,no_headshot_file
donnell_harvey,Donnell Harvey,donnell harvey,no_headshot_file
donnie_boyce,Donnie Boyce,donnie boyce,no_headshot_file
donnie_freeman,Donnie Freeman,donnie freeman,no_headshot_file
donta_smith,Donta Smith,donta smith,no_headshot_file
dontonio_wingfield,Dontonio Wingfield,dontonio wingfield,no_headshot_file
dorie_murrey,Dorie Murrey,dorie murrey,no_headshot_file
doug_lee,Doug Lee,doug lee,no_headshot_file
doug_roth,Doug Roth,doug roth,no_headshot_file
doug_smith,Doug Smith,doug smith,no_headshot_file
dragan_tarla,Dragan Tarlać,dragan tarlac,no_headshot_file
drew_barry,Drew Barry,drew barry,no_headshot_file
duane_causwell,Duane Causwell,duane causwell,no_headshot_file
duane_cooper,Duane Cooper,duane cooper,no_headshot_file
duck_williams,Duck Williams,duck williams,no_headshot_file
dwayne_mcclain,Dwayne McClain,dwayne mcclain,no_headshot_file
dwayne_morton,Dwayne Morton,dwayne morton,no_headshot_file
dwayne_schintzius,Dwayne Schintzius,dwayne schintzius,no_headshot_file
dwight_davis,Dwight Davis,dwight davis,no_headshot_file
dwight_jones,Dwight Jones,dwight jones,no_headshot_file
earl_cureton,Earl Cureton,earl cureton,no_headshot_file
earl_evans,Earl Evans,earl evans,no_headshot_file
earl_tatum,Earl Tatum,earl tatum,no_headshot_file
earl_williams,Earl Williams,earl williams,no_headshot_file
ec_coleman,E.C. Coleman,ec coleman,no_headshot_file
ed_horton,Ed Horton,ed horton,no_headshot_file
ed_manning,Ed Manning,ed manning,no_headshot_file
ed_obannon,Ed O'Bannon,ed obannon,no_headshot_file
ed_pinckney,Ed Pinckney,ed pinckney,no_headshot_file
ed_rains,Ed Rains,ed rains,no_headshot_file
ed_ratleff,Ed Ratleff,ed ratleff,no_headshot_file
ed_sherod,Ed Sherod,ed sherod,no_headshot_file
eddie_griffin,Eddie Griffin,eddie griffin,no_headshot_file
eddie_hughes,Eddie Hughes,eddie hughes,no_headshot_file
eddie_lee_wilkins,Eddie Lee Wilkins,eddie lee wilkins,no_headshot_file
eddie_mast,Eddie Mast,eddie mast,no_headshot_file
eddie_miles,Eddie Miles,eddie miles,no_headshot_file
eddie_phillips,Eddie Phillips,eddie phillips,no_headshot_file
edgar_jones,Edgar Jones,edgar jones,no_headshot_file
efthimios_rentzias,Efthimios Rentzias,efthimios rentzias,no_headshot_file
elijah_bryant,Elijah Bryant,elijah bryant,no_headshot_file
eljko_rebra_a,Željko Rebrača,zeljko rebraca,no_headshot_file
elliot_perry,Elliot Perry,elliot perry,no_headshot_file
elmore_spencer,Elmore Spencer,elmore spencer,no_headshot_file
elston_turner,Elston Turner,elston turner,no_headshot_file
em_bryant,Em Bryant,em bryant,no_headshot_file
emanual_davis,Emanual Davis,emanual davis,no_headshot_file
ennis_whatley,Ennis Whatley,ennis whatley,no_headshot_file
eric_fernsten,Eric Fernsten,eric fernsten,no_headshot_file
eric_johnson,Eric Johnson,eric johnson,no_headshot_file
eric_mcwilliams,Eric McWilliams,eric mcwilliams,no_headshot_file
eric_mobley,Eric Mobley,eric mobley,no_headshot_file
eric_money,Eric Money,eric money,no_headshot_file
eric_montross,Eric Montross,eric montross,no_headshot_file
eric_murdock,Eric Murdock,eric murdock,no_headshot_file
eric_washington,Eric Washington,eric washington,no_headshot_file
eric_white,Eric White,eric white,no_headshot_file
ernie_digregorio,Ernie DiGregorio,ernie digregorio,no_headshot_file
erwin_mueller,Erwin Mueller,erwin mueller,no_headshot_file
esteban_batista,Esteban Batista,esteban batista,no_headshot_file
evan_eschmeyer,Evan Eschmeyer,evan eschmeyer,no_headshot_file
everette_stephens,Everette Stephens,everette stephens,no_headshot_file
fatty_taylor,Fatty Taylor,fatty taylor,no_headshot_file
felipe_l_pez,Felipe López,felipe lopez,no_headshot_file
fennis_dembo,Fennis Dembo,fennis dembo,no_headshot_file
flynn_robinson,Flynn Robinson,flynn robinson,no_headshot_file
foots_walker,Foots Walker,foots walker,no_headshot_file
frank_johnson,Frank Johnson,frank johnson,no_headshot_file
frank_kornet,Frank Kornet,frank kornet,no_headshot_file
frank_oleynick,Frank Oleynick,frank oleynick,no_headshot_file
frank_williams,Frank Williams,frank williams,no_headshot_file
frankie_sanders,Frankie Sanders,frankie sanders,no_headshot_file
fred_carter,Fred Carter,fred carter,no_headshot_file
fred_cofield,Fred Cofield,fred cofield,no_headshot_file
fred_foster,Fred Foster,fred foster,no_headshot_file
fred_hetzel,Fred Hetzel,fred hetzel,no_headshot_file
fred_hilton,Fred Hilton,fred hilton,no_headshot_file
fred_saunders,Fred Saunders,fred saunders,no_headshot_file
fred_taylor,Fred Taylor,fred taylor,no_headshot_file
freddie_boyd,Freddie Boyd,freddie boyd,no_headshot_file
freddie_crawford,Freddie Crawford,freddie crawford,no_headshot_file
freeman_williams,Freeman Williams,freeman williams,no_headshot_file
gabe_york,Gabe York,gabe york,no_headshot_file
gabriel_lundberg,Gabriel Lundberg,gabriel lundberg,no_headshot_file
garfield_smith,Garfield Smith,garfield smith,no_headshot_file
garry_witts,Garry Witts,garry witts,no_headshot_file
gary_brokaw,Gary Brokaw,gary brokaw,no_headshot_file
gary_freeman,Gary Freeman,gary freeman,no_headshot_file
gary_garland,Gary Garland,gary garland,no_headshot_file
gary_grant,Gary Grant,gary grant,no_headshot_file
gary_gregor,Gary Gregor,gary gregor,no_headshot_file
gary_leonard,Gary Leonard,gary leonard,no_headshot_file
gary_melchionni,Gary Melchionni,gary melchionni,no_headshot_file
gary_plummer,Gary Plummer,gary plummer,no_headshot_file
gary_suiter,Gary Suiter,gary suiter,no_headshot_file
gary_zeller,Gary Zeller,gary zeller,no_headshot_file
gene_short,Gene Short,gene short,no_headshot_file
geoff_crompton,Geoff Crompton,geoff crompton,no_headshot_file
geoff_huston,Geoff Huston,geoff huston,no_headshot_file
george_johnson,George Johnson,george johnson,no_headshot_file
george_karl,George Karl,george karl,no_headshot_file
george_thompson,George Thompson,george thompson,no_headshot_file
george_trapp,George Trapp,george trapp,no_headshot_file
george_wilson,George Wilson,george wilson,no_headshot_file
george_z_dek,George Zídek,george zidek,no_headshot_file
gerald_brown,Gerald Brown,gerald brown,no_headshot_file
gerald_glass,Gerald Glass,gerald glass,no_headshot_file
gerald_madkins,Gerald Madkins,gerald madkins,no_headshot_file
gerard_king,Gerard King,gerard king,no_headshot_file
gil_mcgregor,Gil McGregor,gil mcgregor,no_headshot_file
glen_gondrezick,Glen Gondrezick,glen gondrezick,no_headshot_file
glenn_hansen,Glenn Hansen,glenn hansen,no_headshot_file
glenn_mcdonald,Glenn McDonald,glenn mcdonald,no_headshot_file
glenn_mosley,Glenn Mosley,glenn mosley,no_headshot_file
goo_kennedy,Goo Kennedy,goo kennedy,no_headshot_file
grant_gondrezick,Grant Gondrezick,grant gondrezick,no_headshot_file
grant_nelson,Grant Nelson,grant nelson,no_headshot_file
granville_waiters,Granville Waiters,granville waiters,no_headshot_file
greg_anderson,Greg Anderson,greg anderson,no_headshot_file
greg_buckner,Greg Buckner,greg buckner,no_headshot_file
greg_butler,Greg Butler,greg butler,no_headshot_file
greg_dreiling,Greg Dreiling,greg dreiling,no_headshot_file
greg_fillmore,Greg Fillmore,greg fillmore,no_headshot_file
greg_graham,Greg Graham,greg graham,no_headshot_file
greg_grant,Greg Grant,greg grant,no_headshot_file
greg_griffin,Greg Griffin,greg griffin,no_headshot_file
greg_howard,Greg Howard,greg howard,no_headshot_file
greg_hyder,Greg Hyder,greg hyder,no_headshot_file
greg_jackson,Greg Jackson,greg jackson,no_headshot_file
greg_kelser,Greg Kelser,greg kelser,no_headshot_file
greg_stokes,Greg Stokes,greg stokes,no_headshot_file
greg_sutton,Greg Sutton,greg sutton,no_headshot_file
gus_bailey,Gus Bailey,gus bailey,no_headshot_file
gus_gerard,Gus Gerard,gus gerard,no_headshot_file
guy_rodgers,Guy Rodgers,guy rodgers,no_headshot_file
ha_seung_jin,Ha Seung-Jin,ha seungjin,no_headshot_file
hank_finkel,Hank Finkel,hank finkel,no_headshot_file
hank_mcdowell,Hank McDowell,hank mcdowell,no_headshot_file
harold_ellis,Harold Ellis,harold ellis,no_headshot_file
harold_miner,Harold Miner,harold miner,no_headshot_file
harry_davis,Harry Davis,harry davis,no_headshot_file
harvey_catchings,Harvey Catchings,harvey catchings,no_headshot_file
harvey_marlatt,Harvey Marlatt,harvey marlatt,no_headshot_file
hassan_adams,Hassan Adams,hassan adams,no_headshot_file
hawkeye_whitney,Hawkeye Whitney,hawkeye whitney,no_headshot_file
hayden_gray,Hayden Gray,hayden gray,no_headshot_file
haywoode_workman,Haywoode Workman,haywoode workman,no_headshot_file
henry_bibby,Henry Bibby,henry bibby,no_headshot_file
henry_james,Henry James,henry james,no_headshot_file
henry_turner,Henry Turner,henry turner,no_headshot_file
herb_white,Herb White,herb white,no_headshot_file
herm_gilliam,Herm Gilliam,herm gilliam,no_headshot_file
hollis_copeland,Hollis Copeland,hollis copeland,no_headshot_file
howard_carter,Howard Carter,howard carter,no_headshot_file
howard_komives,Howard Komives,howard komives,no_headshot_file
howard_porter,Howard Porter,howard porter,no_headshot_file
howard_wood,Howard Wood,howard wood,no_headshot_file
igor_rako_evi,Igor Rakočević,igor rakocevic,no_headshot_file
ira_newble,Ira Newble,ira newble,no_headshot_file
ira_terrell,Ira Terrell,ira terrell,no_headshot_file
isaiah_wilson,Isaiah Wilson,isaiah wilson,no_headshot_file
ivano_newbill,Ivano Newbill,ivano newbill,no_headshot_file
jabari_smith,Jabari Smith,jabari smith,no_headshot_file
jack_givens,Jack Givens,jack givens,no_headshot_file
jackie_butler,Jackie Butler,jackie butler,no_headshot_file
jackie_ridgle,Jackie Ridgle,jackie ridgle,no_headshot_file
jackson_vroman,Jackson Vroman,jackson vroman,no_headshot_file
jacky_dorsey,Jacky Dorsey,jacky dorsey,no_headshot_file
jacque_vaughn,Jacque Vaughn,jacque vaughn,no_headshot_file
jahidi_white,Jahidi White,jahidi white,no_headshot_file
jake_ford,Jake Ford,jake ford,no_headshot_file
jamal_sampson,Jamal Sampson,jamal sampson,no_headshot_file
james_hardy,James Hardy,james hardy,no_headshot_file
james_ray,James Ray,james ray,no_headshot_file
james_robinson,James Robinson,james robinson,no_headshot_file
james_wilkes,James Wilkes,james wilkes,no_headshot_file
jamie_feick,Jamie Feick,jamie feick,no_headshot_file
jamie_watson,Jamie Watson,jamie watson,no_headshot_file
jamison_brewer,Jamison Brewer,jamison brewer,no_headshot_file
jan_van_breda_kolff,Jan van Breda Kolff,jan van breda kolff,no_headshot_file
jared_reiner,Jared Reiner,jared reiner,no_headshot_file
jaren_jackson,Jaren Jackson,jaren jackson,no_headshot_file
jarron_cumberland,Jarron Cumberland,jarron cumberland,no_headshot_file
jason_collier,Jason Collier,jason collier,no_headshot_file
javaris_crittenton,Javaris Crittenton,javaris crittenton,no_headshot_file
jawann_oldham,Jawann Oldham,jawann oldham,no_headshot_file
jay_guidinger,Jay Guidinger,jay guidinger,no_headshot_file
jay_murphy,Jay Murphy,jay murphy,no_headshot_file
jay_williams,Jay Williams,jay williams,no_headshot_file
jaysean_paige,Jaysean Paige,jaysean paige,no_headshot_file
jayson_kent,Jayson Kent,jayson kent,no_headshot_file
jeff_halliburton,Jeff Halliburton,jeff halliburton,no_headshot_file
jeff_judkins,Jeff Judkins,jeff judkins,no_headshot_file
jeff_lamp,Jeff Lamp,jeff lamp,no_headshot_file
jeff_martin,Jeff Martin,jeff martin,no_headshot_file
jeff_webb,Jeff Webb,jeff webb,no_headshot_file
jeff_wilkins,Jeff Wilkins,jeff wilkins,no_headshot_file
jelani_mccoy,Jelani McCoy,jelani mccoy,no_headshot_file
jerald_honeycutt,Jerald Honeycutt,jerald honeycutt,no_headshot_file
jeremy_richardson,Jeremy Richardson,jeremy richardson,no_headshot_file
jermaine_jackson,Jermaine Jackson,jermaine jackson,no_headshot_file
jermareo_davidson,Jermareo Davidson,jermareo davidson,no_headshot_file
jerome_anderson,Jerome Anderson,jerome anderson,no_headshot_file
jerome_lane,Jerome Lane,jerome lane,no_headshot_file
jerome_whitehead,Jerome Whitehead,jerome whitehead,no_headshot_file
jerrod_mustaf,Jerrod Mustaf,jerrod mustaf,no_headshot_file
jerry_chambers,Jerry Chambers,jerry chambers,no_headshot_file
jerry_eaves,Jerry Eaves,jerry eaves,no_headshot_file
jeryl_sasser,Jeryl Sasser,jeryl sasser,no_headshot_file
jesse_dark,Jesse Dark,jesse dark,no_headshot_file
jim_ard,Jim Ard,jim ard,no_headshot_file
jim_barnes,Jim Barnes,jim barnes,no_headshot_file
jim_barnett,Jim Barnett,jim barnett,no_headshot_file
jim_brogan,Jim Brogan,jim brogan,no_headshot_file
jim_creighton,Jim Creighton,jim creighton,no_headshot_file
jim_davis,Jim Davis,jim davis,no_headshot_file
jim_eakins,Jim Eakins,jim eakins,no_headshot_file
jim_farmer,Jim Farmer,jim farmer,no_headshot_file
jim_fox,Jim Fox,jim fox,no_headshot_file
jim_king,Jim King,jim king,no_headshot_file
jim_marsh,Jim Marsh,jim marsh,no_headshot_file
jim_mcdaniels,Jim McDaniels,jim mcdaniels,no_headshot_file
jim_mcelroy,Jim McElroy,jim mcelroy,no_headshot_file
jim_owens,Jim Owens,jim owens,no_headshot_file
jim_paxson,Jim Paxson,jim paxson,no_headshot_file
jim_smith,Jim Smith,jim smith,no_headshot_file
jim_thomas,Jim Thomas,jim thomas,no_headshot_file
jim_washington,Jim Washington,jim washington,no_headshot_file
jimmy_collins,Jimmy Collins,jimmy collins,no_headshot_file
jimmy_jones,Jimmy Jones,jimmy jones,no_headshot_file
jimmy_king,Jimmy King,jimmy king,no_headshot_file
jimmy_oliver,Jimmy Oliver,jimmy oliver,no_headshot_file
jimmy_walker,Jimmy Walker,jimmy walker,no_headshot_file
jj_anderson,J.J. Anderson,jj anderson,no_headshot_file
jo_jo_english,Jo Jo English,jo jo english,no_headshot_file
joby_wright,Joby Wright,joby wright,no_headshot_file
joe_bryant,Joe Bryant,joe bryant,no_headshot_file
joe_caldwell,Joe Caldwell,joe caldwell,no_headshot_file
joe_cooke,Joe Cooke,joe cooke,no_headshot_file
joe_courtney,Joe Courtney,joe courtney,no_headshot_file
joe_ellis,Joe Ellis,joe ellis,no_headshot_file
joe_hassett,Joe Hassett,joe hassett,no_headshot_file
joe_kopicki,Joe Kopicki,joe kopicki,no_headshot_file
joe_meriweather,Joe Meriweather,joe meriweather,no_headshot_file
joe_pace,Joe Pace,joe pace,no_headshot_file
joe_thomas,Joe Thomas,joe thomas,no_headshot_file
joel_kramer,Joel Kramer,joel kramer,no_headshot_file
john_block,John Block,john block,no_headshot_file
john_brisker,John Brisker,john brisker,no_headshot_file
john_brown,John Brown,john brown,no_headshot_file
john_crotty,John Crotty,john crotty,no_headshot_file
john_douglas,John Douglas,john douglas,no_headshot_file
john_duren,John Duren,john duren,no_headshot_file
john_edwards,John Edwards,john edwards,no_headshot_file
john_garris,John Garris,john garris,no_headshot_file
john_hummer,John Hummer,john hummer,no_headshot_file
john_johnson,John Johnson,john johnson,no_headshot_file
john_kuester,John Kuester,john kuester,no_headshot_file
john_lambert,John Lambert,john lambert,no_headshot_file
john_laskowski,John Laskowski,john laskowski,no_headshot_file
john_long,John Long,john long,no_headshot_file
john_lucas,John Lucas,john lucas,no_headshot_file
john_mengelt,John Mengelt,john mengelt,no_headshot_file
john_morton,John Morton,john morton,no_headshot_file
john_olive,John Olive,john olive,no_headshot_file
john_roche,John Roche,john roche,no_headshot_file
john_rudd,John Rudd,john rudd,no_headshot_file
john_shasky,John Shasky,john shasky,no_headshot_file
john_stroeder,John Stroeder,john stroeder,no_headshot_file
john_trapp,John Trapp,john trapp,no_headshot_file
john_tresvant,John Tresvant,john tresvant,no_headshot_file
john_tschogl,John Tschogl,john tschogl,no_headshot_file
john_turner,John Turner,john turner,no_headshot_file
john_vallely,John Vallely,john vallely,no_headshot_file
john_wallace,John Wallace,john wallace,no_headshot_file
john_warren,John Warren,john warren,no_headshot_file
john_wetzel,John Wetzel,john wetzel,no_headshot_file
johnny_baum,Johnny Baum,johnny baum,no_headshot_file
johnny_egan,Johnny Egan,johnny egan,no_headshot_file
johnny_green,Johnny Green,johnny green,no_headshot_file
johnny_high,Johnny High,johnny high,no_headshot_file
johnny_newman,Johnny Newman,johnny newman,no_headshot_file
johnny_rogers,Johnny Rogers,johnny rogers,no_headshot_file
johnny_taylor,Johnny Taylor,johnny taylor,no_headshot_file
jon_sundvold,Jon Sundvold,jon sundvold,no_headshot_file
jonathan_bender,Jonathan Bender,jonathan bender,no_headshot_file
jorge_garbajosa,Jorge Garbajosa,jorge garbajosa,no_headshot_file
jos_ortiz,José Ortiz,jose ortiz,no_headshot_file
jose_slaughter,Jose Slaughter,jose slaughter,no_headshot_file
josh_grant,Josh Grant,josh grant,no_headshot_file
josh_oduro,Josh Oduro,josh oduro,no_headshot_file
jr_bremer,J.R. Bremer,jr bremer,no_headshot_file
jr_giddens,J.R. Giddens,jr giddens,no_headshot_file
jr_henderson,J.R. Henderson,jr henderson,no_headshot_file
jr_reid,J.R. Reid,jr reid,no_headshot_file
juan_carlos_navarro,Juan Carlos Navarro,juan carlos navarro,no_headshot_file
juan_dixon,Juan Dixon,juan dixon,no_headshot_file
juaquin_hawkins,Juaquin Hawkins,juaquin hawkins,no_headshot_file
jumaine_jones,Jumaine Jones,jumaine jones,no_headshot_file
junior_burrough,Junior Burrough,junior burrough,no_headshot_file
junior_harrington,Junior Harrington,junior harrington,no_headshot_file
justin_reed,Justin Reed,justin reed,no_headshot_file
justin_williams,Justin Williams,justin williams,no_headshot_file
kadary_richmond,Kadary Richmond,kadary richmond,no_headshot_file
kareem_rush,Kareem Rush,kareem rush,no_headshot_file
keith_closs,Keith Closs,keith closs,no_headshot_file
keith_edmonson,Keith Edmonson,keith edmonson,no_headshot_file
keith_erickson,Keith Erickson,keith erickson,no_headshot_file
keith_herron,Keith Herron,keith herron,no_headshot_file
keith_jennings,Keith Jennings,keith jennings,no_headshot_file
keith_smith,Keith Smith,keith smith,no_headshot_file
keith_tower,Keith Tower,keith tower,no_headshot_file
kelvin_cato,Kelvin Cato,kelvin cato,no_headshot_file
kelvin_upshaw,Kelvin Upshaw,kelvin upshaw,no_headshot_file
ken_bannister,Ken Bannister,ken bannister,no_headshot_file
ken_charles,Ken Charles,ken charles,no_headshot_file
ken_johnson,Ken Johnson,ken johnson,no_headshot_file
kennard_winchester,Kennard Winchester,kennard winchester,no_headshot_file
kenny_battle,Kenny Battle,kenny battle,no_headshot_file
kenny_fields,Kenny Fields,kenny fields,no_headshot_file
kenny_green,Kenny Green,kenny green,no_headshot_file
kenny_higgs,Kenny Higgs,kenny higgs,no_headshot_file
kenny_mcintosh,Kenny McIntosh,kenny mcintosh,no_headshot_file
kenny_natt,Kenny Natt,kenny natt,no_headshot_file
kenny_payne,Kenny Payne,kenny payne,no_headshot_file
kenny_satterfield,Kenny Satterfield,kenny satterfield,no_headshot_file
kenny_walker,Kenny Walker,kenny walker,no_headshot_file
kermit_washington,Kermit Washington,kermit washington,no_headshot_file
kevin_brooks,Kevin Brooks,kevin brooks,no_headshot_file
kevin_burleson,Kevin Burleson,kevin burleson,no_headshot_file
kevin_duckworth,Kevin Duckworth,kevin duckworth,no_headshot_file
kevin_edwards,Kevin Edwards,kevin edwards,no_headshot_file
kevin_grevey,Kevin Grevey,kevin grevey,no_headshot_file
kevin_kunnert,Kevin Kunnert,kevin kunnert,no_headshot_file
kevin_loder,Kevin Loder,kevin loder,no_headshot_file
kevin_lynch,Kevin Lynch,kevin lynch,no_headshot_file
kevin_pritchard,Kevin Pritchard,kevin pritchard,no_headshot_file
kevin_restani,Kevin Restani,kevin restani,no_headshot_file
kevin_salvadori,Kevin Salvadori,kevin salvadori,no_headshot_file
kevin_stacom,Kevin Stacom,kevin stacom,no_headshot_file
khalid_el_amin,Khalid El-Amin,khalid elamin,no_headshot_file
kirk_snyder,Kirk Snyder,kirk snyder,no_headshot_file
kiwane_lemorris_garris,Kiwane Lemorris Garris,kiwane lemorris garris,no_headshot_file
kurk_lee,Kurk Lee,kurk lee,no_headshot_file
labradford_smith,LaBradford Smith,labradford smith,no_headshot_file
lamar_green,Lamar Green,lamar green,no_headshot_file
lamond_murray,Lamond Murray,lamond murray,no_headshot_file
lanard_copeland,Lanard Copeland,lanard copeland,no_headshot_file
lancaster_gordon,Lancaster Gordon,lancaster gordon,no_headshot_file
laron_profit,Laron Profit,laron profit,no_headshot_file
larry_demic,Larry Demic,larry demic,no_headshot_file
larry_drew,Larry Drew,larry drew,no_headshot_file
larry_mcneill,Larry McNeill,larry mcneill,no_headshot_file
larry_micheaux,Larry Micheaux,larry micheaux,no_headshot_file
larry_mikan,Larry Mikan,larry mikan,no_headshot_file
larry_siegfried,Larry Siegfried,larry siegfried,no_headshot_file
larry_spriggs,Larry Spriggs,larry spriggs,no_headshot_file
larry_stewart,Larry Stewart,larry stewart,no_headshot_file
larry_wright,Larry Wright,larry wright,no_headshot_file
larue_martin,LaRue Martin,larue martin,no_headshot_file
lasalle_thompson,LaSalle Thompson,lasalle thompson,no_headshot_file
lavor_postell,Lavor Postell,lavor postell,no_headshot_file
lawrence_moten,Lawrence Moten,lawrence moten,no_headshot_file
lawrence_roberts,Lawrence Roberts,lawrence roberts,no_headshot_file
lee_mayberry,Lee Mayberry,lee mayberry,no_headshot_file
lee_nailon,Lee Nailon,lee nailon,no_headshot_file
lee_winfield,Lee Winfield,lee winfield,no_headshot_file
len_chappell,Len Chappell,len chappell,no_headshot_file
len_elmore,Len Elmore,len elmore,no_headshot_file
len_kosmalski,Len Kosmalski,len kosmalski,no_headshot_file
leo_rautins,Leo Rautins,leo rautins,no_headshot_file
leon_benbow,Leon Benbow,leon benbow,no_headshot_file
leon_douglas,Leon Douglas,leon douglas,no_headshot_file
leonard_gray,Leonard Gray,leonard gray,no_headshot_file
leron_ellis,LeRon Ellis,leron ellis,no_headshot_file
leroy_combs,Leroy Combs,leroy combs,no_headshot_file
leroy_ellis,Leroy Ellis,leroy ellis,no_headshot_file
les_jepsen,Les Jepsen,les jepsen,no_headshot_file
levi_fontaine,Levi Fontaine,levi fontaine,no_headshot_file
lewis_lloyd,Lewis Lloyd,lewis lloyd,no_headshot_file
lindsay_hairston,Lindsay Hairston,lindsay hairston,no_headshot_file
linton_johnson,Linton Johnson,linton johnson,no_headshot_file
linton_townes,Linton Townes,linton townes,no_headshot_file
lionel_simmons,Lionel Simmons,lionel simmons,no_headshot_file
litterial_green,Litterial Green,litterial green,no_headshot_file
lloyd_daniels,Lloyd Daniels,lloyd daniels,no_headshot_file
lloyd_walton,Lloyd Walton,lloyd walton,no_headshot_file
lonny_baxter,Lonny Baxter,lonny baxter,no_headshot_file
loren_meyer,Loren Meyer,loren meyer,no_headshot_file
loren_woods,Loren Woods,loren woods,no_headshot_file
lorenzo_charles,Lorenzo Charles,lorenzo charles,no_headshot_file
lorenzo_williams,Lorenzo Williams,lorenzo williams,no_headshot_file
lou_roe,Lou Roe,lou roe,no_headshot_file
louie_dampier,Louie Dampier,louie dampier,no_headshot_file
louie_nelson,Louie Nelson,louie nelson,no_headshot_file
lowes_moore,Lowes Moore,lowes moore,no_headshot_file
loy_petersen,Loy Petersen,loy petersen,no_headshot_file
luke_schenscher,Luke Schenscher,luke schenscher,no_headshot_file
luke_witte,Luke Witte,luke witte,no_headshot_file
luther_rackley,Luther Rackley,luther rackley,no_headshot_file
lynn_greer,Lynn Greer,lynn greer,no_headshot_file
maceo_baston,Maceo Baston,maceo baston,no_headshot_file
maciej_lampe,Maciej Lampe,maciej lampe,no_headshot_file
mack_calvin,Mack Calvin,mack calvin,no_headshot_file
mahmoud_abdul_rauf,Mahmoud Abdul-Rauf,mahmoud abdulrauf,no_headshot_file
major_jones,Major Jones,major jones,no_headshot_file
malik_hairston,Malik Hairston,malik hairston,no_headshot_file
malik_sealy,Malik Sealy,malik sealy,no_headshot_file
malik_williams,Malik Williams,malik williams,no_headshot_file
mamadou_ndiaye,Mamadou N'Diaye,mamadou ndiaye,no_headshot_file
manny_leaks,Manny Leaks,manny leaks,no_headshot_file
marcus_bagley,Marcus Bagley,marcus bagley,no_headshot_file
marcus_haislip,Marcus Haislip,marcus haislip,no_headshot_file
mario_bennett,Mario Bennett,mario bennett,no_headshot_file
mario_kasun,Mario Kasun,mario kasun,no_headshot_file
mark_acres,Mark Acres,mark acres,no_headshot_file
mark_bradtke,Mark Bradtke,mark bradtke,no_headshot_file
mark_davis,Mark Davis,mark davis,no_headshot_file
mark_hendrickson,Mark Hendrickson,mark hendrickson,no_headshot_file
mark_macon,Mark Macon,mark macon,no_headshot_file
mark_pope,Mark Pope,mark pope,no_headshot_file
mark_radford,Mark Radford,mark radford,no_headshot_file
mark_strickland,Mark Strickland,mark strickland,no_headshot_file
marko_mili,Marko Milič,marko milic,no_headshot_file
marlon_maxey,Marlon Maxey,marlon maxey,no_headshot_file
marlon_redmond,Marlon Redmond,marlon redmond,no_headshot_file
marques_bragg,Marques Bragg,marques bragg,no_headshot_file
martin_m_rsepp,Martin Müürsepp,martin muursepp,no_headshot_file
martin_nessley,Martin Nessley,martin nessley,no_headshot_file
marty_byrnes,Marty Byrnes,marty byrnes,no_headshot_file
marvin_webster,Marvin Webster,marvin webster,no_headshot_file
matt_fish,Matt Fish,matt fish,no_headshot_file
matt_freije,Matt Freije,matt freije,no_headshot_file
matt_guokas,Matt Guokas,matt guokas,no_headshot_file
matt_hurt,Matt Hurt,matt hurt,no_headshot_file
maurice_martin,Maurice Martin,maurice martin,no_headshot_file
maurice_taylor,Maurice Taylor,maurice taylor,no_headshot_file
mel_bennett,Mel Bennett,mel bennett,no_headshot_file
mel_counts,Mel Counts,mel counts,no_headshot_file
melvin_newbern,Melvin Newbern,melvin newbern,no_headshot_file
melvin_turpin,Melvin Turpin,melvin turpin,no_headshot_file
mengke_bateer,Mengke Bateer,mengke bateer,no_headshot_file
michael_anderson,Michael Anderson,michael anderson,no_headshot_file
michael_bradley,Michael Bradley,michael bradley,no_headshot_file
michael_hawkins,Michael Hawkins,michael hawkins,no_headshot_file
michael_holton,Michael Holton,michael holton,no_headshot_file
michael_jackson,Michael Jackson,michael jackson,no_headshot_file
michael_phelps,Michael Phelps,michael phelps,no_headshot_file
michael_smith,Michael Smith,michael smith,no_headshot_file
michael_stewart,Michael Stewart,michael stewart,no_headshot_file
michael_wiley,Michael Wiley,michael wiley,no_headshot_file
michael_young,Michael Young,michael young,no_headshot_file
mickey_davis,Mickey Davis,mickey davis,no_headshot_file
mickey_dillard,Mickey Dillard,mickey dillard,no_headshot_file
mike_barr,Mike Barr,mike barr,no_headshot_file
mike_batiste,Mike Batiste,mike batiste,no_headshot_file
mike_bratz,Mike Bratz,mike bratz,no_headshot_file
mike_brittain,Mike Brittain,mike brittain,no_headshot_file
mike_dantoni,Mike D'Antoni,mike dantoni,no_headshot_file
mike_davis,Mike Davis,mike davis,no_headshot_file
mike_evans,Mike Evans,mike evans,no_headshot_file
mike_flynn,Mike Flynn,mike flynn,no_headshot_file
mike_gale,Mike Gale,mike gale,no_headshot_file
mike_gibson,Mike Gibson,mike gibson,no_headshot_file
mike_glenn,Mike Glenn,mike glenn,no_headshot_file
mike_green,Mike Green,mike green,no_headshot_file
mike_harper,Mike Harper,mike harper,no_headshot_file
mike_iuzzolino,Mike Iuzzolino,mike iuzzolino,no_headshot_file
mike_lynn,Mike Lynn,mike lynn,no_headshot_file
mike_macaluso,Mike Macaluso,mike macaluso,no_headshot_file
mike_mcgee,Mike McGee,mike mcgee,no_headshot_file
mike_morrison,Mike Morrison,mike morrison,no_headshot_file
mike_niles,Mike Niles,mike niles,no_headshot_file
mike_penberthy,Mike Penberthy,mike penberthy,no_headshot_file
mike_peplowski,Mike Peplowski,mike peplowski,no_headshot_file
mike_price,Mike Price,mike price,no_headshot_file
mike_ratliff,Mike Ratliff,mike ratliff,no_headshot_file
mike_silliman,Mike Silliman,mike silliman,no_headshot_file
mike_smrek,Mike Smrek,mike smrek,no_headshot_file
mike_sojourner,Mike Sojourner,mike sojourner,no_headshot_file
mike_taylor,Mike Taylor,mike taylor,no_headshot_file
milt_wagner,Milt Wagner,milt wagner,no_headshot_file
milt_williams,Milt Williams,milt williams,no_headshot_file
mitchell_butler,Mitchell Butler,mitchell butler,no_headshot_file
mitchell_wiggins,Mitchell Wiggins,mitchell wiggins,no_headshot_file
mo_howard,Mo Howard,mo howard,no_headshot_file
mo_layton,Mo Layton,mo layton,no_headshot_file
moe_barr,Moe Barr,moe barr,no_headshot_file
monte_towe,Monte Towe,monte towe,no_headshot_file
monty_williams,Monty Williams,monty williams,no_headshot_file
moochie_norris,Moochie Norris,moochie norris,no_headshot_file
morlon_wiley,Morlon Wiley,morlon wiley,no_headshot_file
mouhamed_sene,Mouhamed Sene,mouhamed sene,no_headshot_file
nate_bowman,Nate Bowman,nate bowman,no_headshot_file
nate_hawthorne,Nate Hawthorne,nate hawthorne,no_headshot_file
nathan_jawai,Nathan Jawai,nathan jawai,no_headshot_file
neil_johnson,Neil Johnson,neil johnson,no_headshot_file
nick_jones,Nick Jones,nick jones,no_headshot_file
nick_vanos,Nick Vanos,nick vanos,no_headshot_file
nick_weatherspoon,Nick Weatherspoon,nick weatherspoon,no_headshot_file
obinna_ekezie,Obinna Ekezie,obinna ekezie,no_headshot_file
odis_allison,Odis Allison,odis allison,no_headshot_file
oliver_robinson,Oliver Robinson,oliver robinson,no_headshot_file
ollie_johnson,Ollie Johnson,ollie johnson,no_headshot_file
ollie_mack,Ollie Mack,ollie mack,no_headshot_file
olumide_oyedeji,Olumide Oyedeji,olumide oyedeji,no_headshot_file
othell_wilson,Othell Wilson,othell wilson,no_headshot_file
othella_harrington,Othella Harrington,othella harrington,no_headshot_file
otto_moore,Otto Moore,otto moore,no_headshot_file
owen_wells,Owen Wells,owen wells,no_headshot_file
ozell_jones,Ozell Jones,ozell jones,no_headshot_file
p_tur_gu_mundsson,Pétur Guðmundsson,petur gumundsson,no_headshot_file
pace_mannion,Pace Mannion,pace mannion,no_headshot_file
pape_sow,Pape Sow,pape sow,no_headshot_file
paris_bass,Paris Bass,paris bass,no_headshot_file
pat_burke,Pat Burke,pat burke,no_headshot_file
pat_cummings,Pat Cummings,pat cummings,no_headshot_file
pat_durham,Pat Durham,pat durham,no_headshot_file
pat_riley,Pat Riley,pat riley,no_headshot_file
paul_davis,Paul Davis,paul davis,no_headshot_file
paul_dawkins,Paul Dawkins,paul dawkins,no_headshot_file
paul_graham,Paul Graham,paul graham,no_headshot_file
paul_griffin,Paul Griffin,paul griffin,no_headshot_file
paul_long,Paul Long,paul long,no_headshot_file
paul_mccracken,Paul McCracken,paul mccracken,no_headshot_file
paul_mcpherson,Paul McPherson,paul mcpherson,no_headshot_file
paul_ruffner,Paul Ruffner,paul ruffner,no_headshot_file
paul_silas,Paul Silas,paul silas,no_headshot_file
paul_thompson,Paul Thompson,paul thompson,no_headshot_file
payton_sandfort,Payton Sandfort,payton sandfort,no_headshot_file
pearl_washington,Pearl Washington,pearl washington,no_headshot_file
pepe_s_nchez,Pepe Sánchez,pepe sanchez,no_headshot_file
perry_moss,Perry Moss,perry moss,no_headshot_file
pervis_ellison,Pervis Ellison,pervis ellison,no_headshot_file
pete_chilcutt,Pete Chilcutt,pete chilcutt,no_headshot_file
pete_cross,Pete Cross,pete cross,no_headshot_file
pete_verhoeven,Pete Verhoeven,pete verhoeven,no_headshot_file
pete_williams,Pete Williams,pete williams,no_headshot_file
peter_thibeaux,Peter Thibeaux,peter thibeaux,no_headshot_file
phil_hankinson,Phil Hankinson,phil hankinson,no_headshot_file
phil_hicks,Phil Hicks,phil hicks,no_headshot_file
phil_lumpkin,Phil Lumpkin,phil lumpkin,no_headshot_file
phil_sellers,Phil Sellers,phil sellers,no_headshot_file
phil_walker,Phil Walker,phil walker,no_headshot_file
phillip_wheeler,Phillip Wheeler,phillip wheeler,no_headshot_file
popeye_jones,Popeye Jones,popeye jones,no_headshot_file
predrag_drobnjak,Predrag Drobnjak,predrag drobnjak,no_headshot_file
priest_lauderdale,Priest Lauderdale,priest lauderdale,no_headshot_file
quincy_douby,Quincy Douby,quincy douby,no_headshot_file
quincy_lewis,Quincy Lewis,quincy lewis,no_headshot_file
quintin_dailey,Quintin Dailey,quintin dailey,no_headshot_file
qyntel_woods,Qyntel Woods,qyntel woods,no_headshot_file
ra_l_l_pez,Raül López,raul lopez,no_headshot_file
rafael_addison,Rafael Addison,rafael addison,no_headshot_file
rafael_ara_jo,Rafael Araújo,rafael araujo,no_headshot_file
ralph_lewis,Ralph Lewis,ralph lewis,no_headshot_file
ralph_ogden,Ralph Ogden,ralph ogden,no_headshot_file
randolph_childress,Randolph Childress,randolph childress,no_headshot_file
randolph_keys,Randolph Keys,randolph keys,no_headshot_file
randolph_morris,Randolph Morris,randolph morris,no_headshot_file
randy_allen,Randy Allen,randy allen,no_headshot_file
randy_denton,Randy Denton,randy denton,no_headshot_file
randy_livingston,Randy Livingston,randy livingston,no_headshot_file
randy_white,Randy White,randy white,no_headshot_file
randy_woods,Randy Woods,randy woods,no_headshot_file
rashad_mccants,Rashad McCants,rashad mccants,no_headshot_file
rawle_marshall,Rawle Marshall,rawle marshall,no_headshot_file
ray_blume,Ray Blume,ray blume,no_headshot_file
ray_owes,Ray Owes,ray owes,no_headshot_file
ray_scott,Ray Scott,ray scott,no_headshot_file
ray_tolbert,Ray Tolbert,ray tolbert,no_headshot_file
ray_williams,Ray Williams,ray williams,no_headshot_file
raymond_townsend,Raymond Townsend,raymond townsend,no_headshot_file
reece_gaines,Reece Gaines,reece gaines,no_headshot_file
reggie_carter,Reggie Carter,reggie carter,no_headshot_file
reggie_geary,Reggie Geary,reggie geary,no_headshot_file
reggie_jordan,Reggie Jordan,reggie jordan,no_headshot_file
reggie_king,Reggie King,reggie king,no_headshot_file
reggie_slater,Reggie Slater,reggie slater,no_headshot_file
reggie_smith,Reggie Smith,reggie smith,no_headshot_file
rex_morgan,Rex Morgan,rex morgan,no_headshot_file
rex_walters,Rex Walters,rex walters,no_headshot_file
rich_johnson,Rich Johnson,rich johnson,no_headshot_file
rich_jones,Rich Jones,rich jones,no_headshot_file
rich_king,Rich King,rich king,no_headshot_file
rich_manning,Rich Manning,rich manning,no_headshot_file
rich_rinaldi,Rich Rinaldi,rich rinaldi,no_headshot_file
richard_anderson,Richard Anderson,richard anderson,no_headshot_file
richard_coffey,Richard Coffey,richard coffey,no_headshot_file
richard_washington,Richard Washington,richard washington,no_headshot_file
richie_frahm,Richie Frahm,richie frahm,no_headshot_file
rick_brunson,Rick Brunson,rick brunson,no_headshot_file
rick_calloway,Rick Calloway,rick calloway,no_headshot_file
rick_roberson,Rick Roberson,rick roberson,no_headshot_file
rick_robey,Rick Robey,rick robey,no_headshot_file
rick_wilson,Rick Wilson,rick wilson,no_headshot_file
rickey_brown,Rickey Brown,rickey brown,no_headshot_file
rickey_williams,Rickey Williams,rickey williams,no_headshot_file
ricky_berry,Ricky Berry,ricky berry,no_headshot_file
ricky_davis,Ricky Davis,ricky davis,no_headshot_file
ricky_marsh,Ricky Marsh,ricky marsh,no_headshot_file
ricky_sobers,Ricky Sobers,ricky sobers,no_headshot_file
rob_williams,Rob Williams,rob williams,no_headshot_file
robert_archibald,Robert Archibald,robert archibald,no_headshot_file
robert_smith,Robert Smith,robert smith,no_headshot_file
robert_swift,Robert Swift,robert swift,no_headshot_file
robert_werdann,Robert Werdann,robert werdann,no_headshot_file
robin_jones,Robin Jones,robin jones,no_headshot_file
rod_derline,Rod Derline,rod derline,no_headshot_file
rod_foster,Rod Foster,rod foster,no_headshot_file
rod_freeman,Rod Freeman,rod freeman,no_headshot_file
rod_higgins,Rod Higgins,rod higgins,no_headshot_file
rod_thorn,Rod Thorn,rod thorn,no_headshot_file
rodney_buford,Rodney Buford,rodney buford,no_headshot_file
rodney_white,Rodney White,rodney white,no_headshot_file
rodrick_rhodes,Rodrick Rhodes,rodrick rhodes,no_headshot_file
roger_brown,Roger Brown,roger brown,no_headshot_file
roger_phegley,Roger Phegley,roger phegley,no_headshot_file
roko_uki,Roko Ukić,roko ukic,no_headshot_file
ron_behagen,Ron Behagen,ron behagen,no_headshot_file
ron_cavenall,Ron Cavenall,ron cavenall,no_headshot_file
ron_davis,Ron Davis,ron davis,no_headshot_file
ron_grandison,Ron Grandison,ron grandison,no_headshot_file
ron_knight,Ron Knight,ron knight,no_headshot_file
ron_riley,Ron Riley,ron riley,no_headshot_file
ron_williams,Ron Williams,ron williams,no_headshot_file
ronnie_lester,Ronnie Lester,ronnie lester,no_headshot_file
rory_white,Rory White,rory white,no_headshot_file
rowland_garrett,Rowland Garrett,rowland garrett,no_headshot_file
roy_hamilton,Roy Hamilton,roy hamilton,no_headshot_file
roy_rogers,Roy Rogers,roy rogers,no_headshot_file
rub_n_wolkowyski,Rubén Wolkowyski,ruben wolkowyski,no_headshot_file
rudy_macklin,Rudy Macklin,rudy macklin,no_headshot_file
rudy_white,Rudy White,rudy white,no_headshot_file
russ_lee,Russ Lee,russ lee,no_headshot_file
russ_schoene,Russ Schoene,russ schoene,no_headshot_file
russell_cross,Russell Cross,russell cross,no_headshot_file
ryan_humphrey,Ryan Humphrey,ryan humphrey,no_headshot_file
ryan_lorthridge,Ryan Lorthridge,ryan lorthridge,no_headshot_file
ryan_stack,Ryan Stack,ryan stack,no_headshot_file
salim_stoudamire,Salim Stoudamire,salim stoudamire,no_headshot_file
sam_jacobson,Sam Jacobson,sam jacobson,no_headshot_file
sam_mack,Sam Mack,sam mack,no_headshot_file
sam_pellom,Sam Pellom,sam pellom,no_headshot_file
sam_smith,Sam Smith,sam smith,no_headshot_file
sam_williams,Sam Williams,sam williams,no_headshot_file
sam_worthen,Sam Worthen,sam worthen,no_headshot_file
sasha_danilovi,Sasha Danilović,sasha danilovic,no_headshot_file
scar_torres,Óscar Torres,oscar torres,no_headshot_file
scooter_mccray,Scooter McCray,scooter mccray,no_headshot_file
scott_brooks,Scott Brooks,scott brooks,no_headshot_file
scott_haffner,Scott Haffner,scott haffner,no_headshot_file
scott_hastings,Scott Hastings,scott hastings,no_headshot_file
scott_lloyd,Scott Lloyd,scott lloyd,no_headshot_file
scott_meents,Scott Meents,scott meents,no_headshot_file
scott_padgett,Scott Padgett,scott padgett,no_headshot_file
scott_roth,Scott Roth,scott roth,no_headshot_file
scotty_hopson,Scotty Hopson,scotty hopson,no_headshot_file
sean_green,Sean Green,sean green,no_headshot_file
sean_higgins,Sean Higgins,sean higgins,no_headshot_file
sean_lampley,Sean Lampley,sean lampley,no_headshot_file
sean_may,Sean May,sean may,no_headshot_file
sean_pedulla,Sean Pedulla,sean pedulla,no_headshot_file
sean_singletary,Sean Singletary,sean singletary,no_headshot_file
sedric_toney,Sedric Toney,sedric toney,no_headshot_file
shaler_halimon,Shaler Halimon,shaler halimon,no_headshot_file
shandon_anderson,Shandon Anderson,shandon anderson,no_headshot_file
shane_heal,Shane Heal,shane heal,no_headshot_file
shawn_respert,Shawn Respert,shawn respert,no_headshot_file
shawnelle_scott,Shawnelle Scott,shawnelle scott,no_headshot_file
shelton_jones,Shelton Jones,shelton jones,no_headshot_file
sidney_lowe,Sidney Lowe,sidney lowe,no_headshot_file
sly_williams,Sly Williams,sly williams,no_headshot_file
soumaila_samake,Soumaila Samake,soumaila samake,no_headshot_file
stacey_king,Stacey King,stacey king,no_headshot_file
stan_love,Stan Love,stan love,no_headshot_file
stan_mckenzie,Stan McKenzie,stan mckenzie,no_headshot_file
stan_pietkiewicz,Stan Pietkiewicz,stan pietkiewicz,no_headshot_file
stephen_howard,Stephen Howard,stephen howard,no_headshot_file
steve_alford,Steve Alford,steve alford,no_headshot_file
steve_bardo,Steve Bardo,steve bardo,no_headshot_file
steve_bracey,Steve Bracey,steve bracey,no_headshot_file
steve_burtt,Steve Burtt,steve burtt,no_headshot_file
steve_green,Steve Green,steve green,no_headshot_file
steve_harris,Steve Harris,steve harris,no_headshot_file
steve_hayes,Steve Hayes,steve hayes,no_headshot_file
steve_kuberski,Steve Kuberski,steve kuberski,no_headshot_file
steve_malovic,Steve Malovic,steve malovic,no_headshot_file
steve_patterson,Steve Patterson,steve patterson,no_headshot_file
steve_scheffler,Steve Scheffler,steve scheffler,no_headshot_file
steve_sheppard,Steve Sheppard,steve sheppard,no_headshot_file
steven_hunter,Steven Hunter,steven hunter,no_headshot_file
stewart_granger,Stewart Granger,stewart granger,no_headshot_file
stojko_vrankovi,Stojko Vranković,stojko vrankovic,no_headshot_file
stuart_gray,Stuart Gray,stuart gray,no_headshot_file
sylvester_gray,Sylvester Gray,sylvester gray,no_headshot_file
tal_skinner,Tal Skinner,tal skinner,no_headshot_file
tariq_abdul_wahad,Tariq Abdul-Wahad,tariq abdulwahad,no_headshot_file
tate_armstrong,Tate Armstrong,tate armstrong,no_headshot_file
tate_george,Tate George,tate george,no_headshot_file
tellis_frank,Tellis Frank,tellis frank,no_headshot_file
terence_morris,Terence Morris,terence morris,no_headshot_file
terence_stansbury,Terence Stansbury,terence stansbury,no_headshot_file
terrence_rencher,Terrence Rencher,terrence rencher,no_headshot_file
terry_davis,Terry Davis,terry davis,no_headshot_file
terry_dehere,Terry Dehere,terry dehere,no_headshot_file
terry_driscoll,Terry Driscoll,terry driscoll,no_headshot_file
terry_duerod,Terry Duerod,terry duerod,no_headshot_file
terry_furlow,Terry Furlow,terry furlow,no_headshot_file
theron_smith,Theron Smith,theron smith,no_headshot_file
thomas_hamilton,Thomas Hamilton,thomas hamilton,no_headshot_file
ticky_burden,Ticky Burden,ticky burden,no_headshot_file
tierre_brown,Tierre Brown,tierre brown,no_headshot_file
tim_bassett,Tim Bassett,tim bassett,no_headshot_file
tim_breaux,Tim Breaux,tim breaux,no_headshot_file
tim_james,Tim James,tim james,no_headshot_file
tim_kempton,Tim Kempton,tim kempton,no_headshot_file
tim_legler,Tim Legler,tim legler,no_headshot_file
timmy_allen,Timmy Allen,timmy allen,no_headshot_file
tito_horford,Tito Horford,tito horford,no_headshot_file
toby_bailey,Toby Bailey,toby bailey,no_headshot_file
toby_kimball,Toby Kimball,toby kimball,no_headshot_file
toby_knight,Toby Knight,toby knight,no_headshot_file
toby_okani,Toby Okani,toby okani,no_headshot_file
todd_fuller,Todd Fuller,todd fuller,no_headshot_file
todd_lichti,Todd Lichti,todd lichti,no_headshot_file
todd_mundt,Todd Mundt,todd mundt,no_headshot_file
tom_barker,Tom Barker,tom barker,no_headshot_file
tom_black,Tom Black,tom black,no_headshot_file
tom_copa,Tom Copa,tom copa,no_headshot_file
tom_garrick,Tom Garrick,tom garrick,no_headshot_file
tom_ingelsby,Tom Ingelsby,tom ingelsby,no_headshot_file
tom_kozelko,Tom Kozelko,tom kozelko,no_headshot_file
tom_kropp,Tom Kropp,tom kropp,no_headshot_file
tom_lagarde,Tom LaGarde,tom lagarde,no_headshot_file
tom_meschery,Tom Meschery,tom meschery,no_headshot_file
tom_riker,Tom Riker,tom riker,no_headshot_file
tom_scheffler,Tom Scheffler,tom scheffler,no_headshot_file
tom_sluby,Tom Sluby,tom sluby,no_headshot_file
tom_van_arsdale,Tom Van Arsdale,tom van arsdale,no_headshot_file
tommie_green,Tommie Green,tommie green,no_headshot_file
tony_bennett,Tony Bennett,tony bennett,no_headshot_file
tony_campbell,Tony Campbell,tony campbell,no_headshot_file
tony_dumas,Tony Dumas,tony dumas,no_headshot_file
tony_robertson,Tony Robertson,tony robertson,no_headshot_file
tony_white,Tony White,tony white,no_headshot_file
tracy_jackson,Tracy Jackson,tracy jackson,no_headshot_file
tracy_moore,Tracy Moore,tracy moore,no_headshot_file
trajan_langdon,Trajan Langdon,trajan langdon,no_headshot_file
travis_diener,Travis Diener,travis diener,no_headshot_file
travis_grant,Travis Grant,travis grant,no_headshot_file
travis_hansen,Travis Hansen,travis hansen,no_headshot_file
travis_williams,Travis Williams,travis williams,no_headshot_file
trayvon_palmer,Trayvon Palmer,trayvon palmer,no_headshot_file
tremaine_fowlkes,Tremaine Fowlkes,tremaine fowlkes,no_headshot_file
trevon_scott,Trevon Scott,trevon scott,no_headshot_file
trevor_ruffin,Trevor Ruffin,trevor ruffin,no_headshot_file
tyler_burton,Tyler Burton,tyler burton,no_headshot_file
tyus_edney,Tyus Edney,tyus edney,no_headshot_file
uwe_blab,Uwe Blab,uwe blab,no_headshot_file
vic_bartolome,Vic Bartolome,vic bartolome,no_headshot_file
viktor_khryapa,Viktor Khryapa,viktor khryapa,no_headshot_file
vince_taylor,Vince Taylor,vince taylor,no_headshot_file
vincent_yarbrough,Vincent Yarbrough,vincent yarbrough,no_headshot_file
vincenzo_esposito,Vincenzo Esposito,vincenzo esposito,no_headshot_file
vladimir_stepania,Vladimir Stepania,vladimir stepania,no_headshot_file
wali_jones,Wali Jones,wali jones,no_headshot_file
wallace_bryant,Wallace Bryant,wallace bryant,no_headshot_file
wally_anderzunas,Wally Anderzunas,wally anderzunas,no_headshot_file
wally_walker,Wally Walker,wally walker,no_headshot_file
walt_hazzard,Walt Hazzard,walt hazzard,no_headshot_file
walt_wesley,Walt Wesley,walt wesley,no_headshot_file
walter_berry,Walter Berry,walter berry,no_headshot_file
walter_bond,Walter Bond,walter bond,no_headshot_file
walter_herrmann,Walter Herrmann,walter herrmann,no_headshot_file
walter_jordan,Walter Jordan,walter jordan,no_headshot_file
walter_palmer,Walter Palmer,walter palmer,no_headshot_file
wang_zhizhi,Wang Zhizhi,wang zhizhi,no_headshot_file
wardell_jackson,Wardell Jackson,wardell jackson,no_headshot_file
warren_kidd,Warren Kidd,warren kidd,no_headshot_file
wayne_cooper,Wayne Cooper,wayne cooper,no_headshot_file
wayne_radford,Wayne Radford,wayne radford,no_headshot_file
wayne_robinson,Wayne Robinson,wayne robinson,no_headshot_file
wayne_sappleton,Wayne Sappleton,wayne sappleton,no_headshot_file
wayne_simien,Wayne Simien,wayne simien,no_headshot_file
wesley_cox,Wesley Cox,wesley cox,no_headshot_file
wil_jones,Wil Jones,wil jones,no_headshot_file
wilbur_holland,Wilbur Holland,wilbur holland,no_headshot_file
wiley_peck,Wiley Peck,wiley peck,no_headshot_file
will_perdue,Will Perdue,will perdue,no_headshot_file
will_solomon,Will Solomon,will solomon,no_headshot_file
william_avery,William Avery,william avery,no_headshot_file
william_bedford,William Bedford,william bedford,no_headshot_file
willie_burton,Willie Burton,willie burton,no_headshot_file
willie_mccarter,Willie McCarter,willie mccarter,no_headshot_file
willie_norwood,Willie Norwood,willie norwood,no_headshot_file
willie_smith,Willie Smith,willie smith,no_headshot_file
willie_white,Willie White,willie white,no_headshot_file
willie_wise,Willie Wise,willie wise,no_headshot_file
wilson_washington,Wilson Washington,wilson washington,no_headshot_file
winford_boynes,Winford Boynes,winford boynes,no_headshot_file
winston_bennett,Winston Bennett,winston bennett,no_headshot_file
winston_crite,Winston Crite,winston crite,no_headshot_file
yaroslav_korolev,Yaroslav Korolev,yaroslav korolev,no_headshot_file
yinka_dare,Yinka Dare,yinka dare,no_headshot_file
zaid_abdul_aziz,Zaid Abdul-Aziz,zaid abdulaziz,no_headshot_file
zendon_hamilton,Zendon Hamilton,zendon hamilton,no_headshot_file
zoran_planini,Zoran Planinić,zoran planinic,no_headshot_file
